مهندسی کشتی,ریاضی و فیزیک - مهندسی
مهندسی انرژی مهندسی شهرسازی,ریاضی و فیزیک - مهندسی
مهندسی فناوری اطلاعات,ریاضی و فیزیک - مهندسی
مهندسی دریا,ریاضی و فیزیک - مهندسی
مهندسی رباتیک,ریاضی و فیزیک - مهندسی
مهندسی ایمنی,ریاضی و فیزیک - مهندسی
مهندسی معدن,ریاضی و فیزیک - مهندسی
مهندسی پلیمر,ریاضی و فیزیک - مهندسی
مهندسی راه آهن,ریاضی و فیزیک - مهندسی
معماری داخلی,ریاضی و فیزیک - مهندسی
کاردان فنی مکانیک,ریاضی و فیزیک - مهندسی
کاردان فنی عمران,ریاضی و فیزیک - مهندسی
کاردانی مراقبت پرواز,ریاضی و فیزیک - مهندسی
کاردان فنی برق,ریاضی و فیزیک - مهندسی
کاردانی هواپیما,ریاضی و فیزیک - مهندسی
کاردان فنی معدن مکاترونیک,ریاضی و فیزیک - مهندسی
ریاضی,ریاضی و فیزیک - مهندسی
آمار,ریاضی و فیزیک - مهندسی
فیزیک مهندسی ریاضیات و کاربردها,ریاضی و فیزیک - مهندسی
کارشناسی چند رسانه ای,ریاضی و فیزیک - مهندسی
هوانوردی - خلبانی,ریاضی و فیزیک - مهندسی
مهندسی بازرسی فنی مهندسی ماشین‌های کشاورزی,ریاضی و فیزیک - مهندسی
هوانوردی - ناوبری هوایی,ریاضی و فیزیک - مهندسی
مهندسی مدیریت اجرایی,ریاضی و فیزیک - مهندسی
علوم و فنون هوانوردی - خلبانی هلیکوپتری,ریاضی و فیزیک - مهندسی
مهندسی فرماندهی و کنترل هوایی,ریاضی و فیزیک - مهندسی
مهندسی اپتیک و لیزر,ریاضی و فیزیک - مهندسی
دکتری پیوسته بیوتکنولوژی,علوم تجربی
دامپزشکی - دکتری,علوم تجربی
اعضای مصنوعی بهداشت مواد غذایی,علوم تجربی
مدیریت و کمیسر دریایی,علوم تجربی
کارشناسی تکنسین,علوم تجربی
دبیری زیست شناسی,علوم تجربی
تکنولوژی مرتع و آبخیزداری,علوم تجربی
ارگونومی,علوم تجربی
اتاق عمل,علوم تجربی
بینایی سنجی,علوم تجربی
شنوایی شناسی,علوم تجربی
علوم آزمایشگاهی دامپزشکی,علوم تجربی
پزشکی - کتابداری,علوم تجربی
مامایی,علوم تجربی
علوم تغذیه علوم و صنایع غذایی,علوم تجربی
مهندسی بهداشت محیط,علوم تجربی
مهندسی فضای سبز,علوم تجربی
کارشناسی بهداشت عمومی,علوم تجربی
مهندسی منابع طبیعی,علوم تجربی
کاردانی دامپزشکی,علوم تجربی
مهندسی بهداشت حرفه ای,علوم تجربی
مهندسی تولیدات گیاهی,علوم تجربی
کارشناسی فناوری اطلاعات سلامت,علوم تجربی
علوم مهندسی زیست محیطی,علوم تجربی
دبیری شیمی,علوم تجربی
شیمی,علوم تجربی
گفتار درمانی تکنولوژی تولیدات دامی,علوم تجربی
کاردانی فوریت‌های پزشکی,علوم تجربی
اقیانوس شناسی,علوم تجربی
زمین شناسی,علوم تجربی
کاردرمانی مهندسی کشاورزی - علوم و صنایع غذایی,علوم تجربی
کارشناسی تکنولوژی پرتوشناسی - رادیولوژی,علوم تجربی
رشته ایمنی شناسی (ایمونولوژی),علوم تجربی
کارشناسی تکنولوژی پزشکی هسته ای مهندسی کشاورزی - ترویج و آموزش کشاورزی,علوم تجربی
مهندسی منابع طبیعی - مهندسی چوب,علوم تجربی
مهندسی منابع طبیعی - جنگلداری,علوم تجربی
کاردانی ناپیوسته علمی - کاربردی پرورش زنبورعسل,علوم تجربی
کاردانی شیمی - پدافند جنگ‌های میکروبی ,علوم تجربی
کاردانی علمی، کاربردی تولید و بهره‌برداری گیاهان دارویی و معطر,علوم تجربی
کارشناسی ارشد الهیات,علوم انسانی
مطالعات ارتباطی,علوم انسانی
علوم اقتصادی,علوم انسانی
علوم سیاسی,علوم انسانی
علوم قضایی,علوم انسانی
تربیت بدنی علوم اجتماعی,علوم انسانی
تفسیر قرآن مجید,علوم انسانی
زبان و ادبیات فارسی,علوم انسانی
زبان و ادبیات عربی,علوم انسانی
روابط عمومی,علوم انسانی
مطالعات خانواده,علوم انسانی
کتابداری روزنامه نگاری,علوم انسانی
مددکاری اجتماعی,علوم انسانی
راهنمایی و مشاوره,علوم انسانی
ادبیات داستانی,علوم انسانی
آب و هوا شناسی,علوم انسانی
ژئومورفولوژی,علوم انسانی
فقه و حقوق,علوم انسانی
جغرافیا مدیریت هتلداری,علوم انسانی
علوم تربیتی,علوم انسانی
دبیری جغرافیا,علوم انسانی
امور گمرکی,علوم انسانی
تاریخ,علوم انسانی
علوم حدیث,علوم انسانی
دبیری زبان و ادبیات عربی,علوم انسانی
دبیری زبان و ادبیات فارسی,علوم انسانی
علوم قرآنی و حدیث علم اطلاعات و دانش شناسی,علوم انسانی
مدیریت - بازرگانی دریایی,علوم انسانی
علوم ارتباطات اجتماعی,علوم انسانی
الهیات و معارف اسلامی,علوم انسانی
انگلیسی,هنر و زبان
فرانسه,هنر و زبان
روسی,هنر و زبان
چینی,هنر و زبان
آلمانی,هنر و زبان