STANFORD UNIVERSITY,2
CALIFORNIA INSTITUTE OF TECHNOLOGY (CALTECH),4
UNIVERSITY OF OXFORD,5
UNIVERSITY OF CAMBRIDGE,6
ETH ZURICH (SWISS FEDERAL INSTITUTE OF TECHNOLOGY),7
IMPERIAL COLLEGE LONDON,8
UNIVERSITY OF CHICAGO,9
UCL (UNIVERSITY COLLEGE LONDON),10
NATIONAL UNIVERSITY OF SINGAPORE (NUS),11
NANYANG TECHNOLOGICAL UNIVERSITY (NTU),12
PRINCETON UNIVERSITY,13
CORNELL UNIVERSITY,14
YALE UNIVERSITY,15
COLUMBIA UNIVERSITY,16
TSINGHUA UNIVERSITY,17
UNIVERSITY OF EDINBURGH,18
UNIVERSITY OF PENNSYLVANIA,19
UNIVERSITY OF MICHIGAN,20
JOHNS HOPKINS UNIVERSITY,21
THE UNIVERSITY OF TOKYO,23
AUSTRALIAN NATIONAL UNIVERSITY (ANU),24
UNIVERSITY OF HONG KONG (HKU),25
DUKE UNIVERSITY,26
"UNIVERSITY OF CALIFORNIA, BERKELEY (UCB)",27
THE UNIVERSITY OF MANCHESTER,29
PEKING UNIVERSITY,30
KING'S COLLEGE LONDON (KCL),31
NORTHWESTERN UNIVERSITY,34
KYOTO UNIVERSITY,35
SEOUL NATIONAL UNIVERSITY (SNU),36
THE HONG KONG UNIVERSITY OF SCIENCE AND TECHNOLOGY (HKUST),37
LONDON SCHOOL OF ECONOMICS AND POLITICAL SCIENCE (LSE),38
THE UNIVERSITY OF MELBOURNE,39
KAIST - KOREA ADVANCED INSTITUTE OF SCIENCE AND TECHNOLOGY,40
"UNIVERSITY OF CALIFORNIA, SAN DIEGO (UCSD)",41
THE UNIVERSITY OF SYDNEY,42
NEW YORK UNIVERSITY (NYU),43
FUDAN UNIVERSITY,44
CARNEGIE MELLON UNIVERSITY,46
THE UNIVERSITY OF QUEENSLAND (UQ),48
THE CHINESE UNIVERSITY OF HONG KONG (CUHK),49
PSL UNIVERSITY,50
UNIVERSITY OF BRISTOL,51
DELFT UNIVERSITY OF TECHNOLOGY,52
UNIVERSITY OF WISCONSIN-MADISON,53
THE UNIVERSITY OF WARWICK,54
CITY UNIVERSITY OF HONG KONG,55
BROWN UNIVERSITY,56
UNIVERSITY OF AMSTERDAM,57
TOKYO INSTITUTE OF TECHNOLOGY,58
MONASH UNIVERSITY,59
SHANGHAI JIAO TONG UNIVERSITY,60
TECHNISCHE UNIVERSITÄT MÜNCHEN,61
LUDWIG-MAXIMILIANS-UNIVERSITÄT MÜNCHEN,62
UNIVERSITY OF TEXAS AT AUSTIN,63
RUPRECHT-KARLS-UNIVERSITÄT HEIDELBERG,64
ECOLE POLYTECHNIQUE,65
UNIVERSITY OF WASHINGTON,66
OSAKA UNIVERSITY,67
ZHEJIANG UNIVERSITY,68
GEORGIA INSTITUTE OF TECHNOLOGY (GEORGIA TECH),69
UNIVERSITY OF GLASGOW,70
UNIVERSITY OF ILLINOIS AT URBANA-CHAMPAIGN,71
NATIONAL TAIWAN UNIVERSITY (NTU),72
UNIVERSIDAD DE BUENOS AIRES,73
DURHAM UNIVERSITY,74
SORBONNE UNIVERSITY,75
THE UNIVERSITY OF SHEFFIELD,76
TOHOKU UNIVERSITY,77
UNIVERSITY OF ZURICH,78
UNIVERSITY OF BIRMINGHAM,79
UNIVERSITY OF COPENHAGEN,80
KATHOLIEKE UNIVERSITEIT LEUVEN,81
THE UNIVERSITY OF NOTTINGHAM,82
POHANG UNIVERSITY OF SCIENCE AND TECHNOLOGY (POSTECH),83
"UNIVERSITY OF NORTH CAROLINA, CHAPEL HILL",84
THE UNIVERSITY OF AUCKLAND,85
KOREA UNIVERSITY,86
RICE UNIVERSITY,87
UNIVERSITI MALAYA (UM),88
OHIO STATE UNIVERSITY,89
LOMONOSOV MOSCOW STATE UNIVERSITY,90
THE UNIVERSITY OF WESTERN AUSTRALIA (UWA),91
BOSTON UNIVERSITY,93
UNIVERSITY OF LEEDS,94
PENNSYLVANIA STATE UNIVERSITY,95
UNIVERSITY OF SOUTHAMPTON,96
UNIVERSITY OF ST ANDREWS,97
UNIVERSITY OF SCIENCE AND TECHNOLOGY OF CHINA,98
PURDUE UNIVERSITY,100
SUNGKYUNKWAN UNIVERSITY,101
"UNIVERSITY OF CALIFORNIA, DAVIS (UCD)",102
WASHINGTON UNIVERSITY IN ST. LOUIS,103
TRINITY COLLEGE DUBLIN (TCD),105
THE HONG KONG POLYTECHNIC UNIVERSITY,106
YONSEI UNIVERSITY,107
UNIVERSITY OF GENEVA,108
UNIVERSITY OF HELSINKI,110
NAGOYA UNIVERSITY,111
UNIVERSIDAD NACIONAL AUTÓNOMA DE MÉXICO (UNAM),113
THE UNIVERSITY OF ADELAIDE,114
"KIT, KARLSRUHER INSTITUT FÜR TECHNOLOGIE",116
UPPSALA UNIVERSITY,117
UNIVERSIDADE DE SÃO PAULO (USP),118
UNIVERSITY OF GRONINGEN,120
HUMBOLDT-UNIVERSITÄT ZU BERLIN,121
LEIDEN UNIVERSITY,122
NANJING UNIVERSITY,123
UTRECHT UNIVERSITY,124
WAGENINGEN UNIVERSITY,125
KYUSHU UNIVERSITY,126
CHALMERS UNIVERSITY OF TECHNOLOGY,128
HOKKAIDO UNIVERSITY,129
FREIE UNIVERSITÄT BERLIN,130
LANCASTER UNIVERSITY,131
PONTIFICIA UNIVERSIDAD CATÓLICA DE CHILE,132
"UNIVERSITY OF CALIFORNIA, SANTA BARBARA (UCSB)",133
UNIVERSITY OF OSLO,135
UNIVERSITY OF PITTSBURGH,136
CENTRALESUPÉLEC,137
UNIVERSITY OF GHENT,138
UNIVERSITY OF BERN,139
AALTO UNIVERSITY,140
AARHUS UNIVERSITY,141
MICHIGAN STATE UNIVERSITY,142
NEWCASTLE UNIVERSITY,143
CARDIFF UNIVERSITY,145
MCMASTER UNIVERSITY,146
TECHNISCHE UNIVERSITÄT BERLIN,147
EMORY UNIVERSITY,148
UNIVERSITY OF LAUSANNE,150
HANYANG UNIVERSITY,151
UNIVERSITY OF LIVERPOOL,152
ÉCOLE NORMALE SUPÉRIEURE DE LYON,153
HEBREW UNIVERSITY OF JERUSALEM,154
UNIVERSITY OF EXETER,155
UNIVERSITY OF MINNESOTA,157
UNIVERSITY OF BATH,158
UNIVERSIDAD AUTÓNOMA DE MADRID,159
UNIVERSITY OF BASEL,160
UNIVERSITY OF TECHNOLOGY SYDNEY (UTS),161
INDIAN INSTITUTE OF TECHNOLOGY BOMBAY (IITB),162
NATIONAL TSING HUA UNIVERSITY,163
UNIVERSITÉ CATHOLIQUE DE LOUVAIN (UCL),165
SCUOLA SUPERIORE SANT'ANNA PISA,167
EBERHARD KARLS UNIVERSITÄT TÜBINGEN,168
INDIAN INSTITUTE OF SCIENCE (IISC) BANGALORE,170
UNIVERSITY OF BERGEN,171
INDIAN INSTITUTE OF TECHNOLOGY DELHI (IITD),172
UNIVERSITY OF ABERDEEN,173
UNIVERSITY OF TWENTE,174
SCUOLA NORMALE SUPERIORE DI PISA,175
UNIVERSITÄT WIEN,176
UNIVERSITY OF OTAGO,177
TECNOLÓGICO DE MONTERREY (ITESM),178
ERASMUS UNIVERSITY ROTTERDAM,179
QUEEN'S UNIVERSITY OF BELFAST,180
UNIVERSITY OF FLORIDA,182
DARTMOUTH COLLEGE,183
UNIVERSITI KEBANGSAAN MALAYSIA (UKM),184
UNIVERSITY OF ROCHESTER,185
CASE WESTERN RESERVE UNIVERSITY,186
UNIVERSITÄT FREIBURG,187
VRIJE UNIVERSITEIT BRUSSEL (VUB),188
KING FAHD UNIVERSITY OF PETROLEUM & MINERALS (KFUPM),189
UNIVERSITY OF COLORADO AT BOULDER,190
TECHNISCHE UNIVERSITÄT DRESDEN,191
UNIVERSITY OF VIRGINIA,192
UNIVERSITAT AUTÓNOMA DE BARCELONA,193
UNIVERSITY COLLEGE DUBLIN (UCD),194
UNIVERSITY OF READING,195
VANDERBILT UNIVERSITY,196
GEORG-AUGUST-UNIVERSITÄT GÖTTINGEN,197
KEIO UNIVERSITY,198
TECHNISCHE UNIVERSITÄT WIEN,199
UNIVERSITY OF CAPE TOWN,201
UNIVERSITI PUTRA MALAYSIA (UPM),202
TEXAS A&M UNIVERSITY,203
RADBOUD UNIVERSITY NIJMEGEN,204
UNIVERSIDADE ESTADUAL DE CAMPINAS (UNICAMP),205
UNIVERSIDAD COMPLUTENSE DE MADRID (UCM),206
UNIVERSITI SAINS MALAYSIA (USM),207
NATIONAL CHIAO TUNG UNIVERSITY,208
UNIVERSIDAD DE CHILE,209
WASEDA UNIVERSITY,210
MAASTRICHT UNIVERSITY,211
ARIZONA STATE UNIVERSITY,212
UNIVERSITY OF NOTRE DAME,213
"UNIVERSITY OF ILLINOIS, CHICAGO (UIC)",214
UNIVERSITY OF NEWCASTLE,215
WESTERN UNIVERSITY,216
SAPIENZA - UNIVERSITÀ DI ROMA,217
LOUGHBOROUGH UNIVERSITY,218
UNIVERSITY OF WOLLONGONG,219
AL-FARABI KAZAKH NATIONAL UNIVERSITY,220
SCIENCES PO PARIS,221
VICTORIA UNIVERSITY OF WELLINGTON,222
UNIVERSITÄT HAMBURG,223
UNIVERSITY OF ANTWERP,224
UNIVERSITY OF LEICESTER,225
GEORGETOWN UNIVERSITY,226
UNIVERSITY OF SUSSEX,227
UNIVERSITI TEKNOLOGI MALAYSIA (UTM),228
TEL AVIV UNIVERSITY,230
KING ABDUL AZIZ UNIVERSITY (KAU),231
UNIVERSITY OF CANTERBURY,232
VRIJE UNIVERSITEIT AMSTERDAM,233
NATIONAL CHENG KUNG UNIVERSITY,234
SAINT-PETERSBURG STATE UNIVERSITY,235
ROYAL HOLLOWAY UNIVERSITY OF LONDON,236
AMERICAN UNIVERSITY OF BEIRUT (AUB),237
TUFTS UNIVERSITY,238
QUEEN'S UNIVERSITY,239
UNIVERSITÉ LIBRE DE BRUXELLES (ULB),240
UNIVERSITÉ PARIS-SUD 11,241
UNIVERSIDAD DE NAVARRA,242
UNIVERSITY OF MIAMI,243
NOVOSIBIRSK STATE UNIVERSITY,244
UNIVERSITY OF ARIZONA,246
TECHNION - ISRAEL INSTITUTE OF TECHNOLOGY,247
UNIVERSITY OF SURREY,248
CURTIN UNIVERSITY,250
MACQUARIE UNIVERSITY,251
RMIT UNIVERSITY,252
TECHNISCHE UNIVERSITÄT DARMSTADT,253
UNIVERSIDAD CARLOS III DE MADRID,254
RHEINISCHE FRIEDRICH-WILHELMS-UNIVERSITÄT BONN,255
KING SAUD UNIVERSITY (KSU),256
NATIONAL TAIWAN UNIVERSITY OF SCIENCE AND TECHNOLOGY,257
WUHAN UNIVERSITY,258
"UNIVERSITY OF MASSACHUSETTS, AMHERST",259
"NATIONAL UNIVERSITY OF IRELAND, GALWAY (NUIG)",260
UNIVERSITÄT STUTTGART,261
UNIVERSITY OF TSUKUBA,262
ECOLE DES PONTS PARISTECH,263
INDIAN INSTITUTE OF TECHNOLOGY MADRAS (IITM),264
KYUNG HEE UNIVERSITY,265
UNIVERSITY OF SOUTH AUSTRALIA (UNISA),267
UNIVERSITY OF STRATHCLYDE,268
UNIVERSITY OF EAST ANGLIA (UEA),269
UNIVERSITY OF GOTHENBURG,270
CHULALONGKORN UNIVERSITY,271
UNIVERSIDAD DE LOS ANDES COLOMBIA,272
UNIVERSITY OF DUNDEE,273
UNIVERSITY OF WAIKATO,274
UNIVERSIDAD NACIONAL DE COLOMBIA,275
UNIVERSITAT POLITÈCNICA DE CATALUNYA,276
HONG KONG BAPTIST UNIVERSITY (HKBU),277
TOMSK STATE UNIVERSITY,278
DALHOUSIE UNIVERSITY,279
NORTH CAROLINA STATE UNIVERSITY,280
UNIVERSITÄT FRANKFURT AM MAIN,281
UNIVERSITÄT INNSBRUCK,282
INDIAN INSTITUTE OF TECHNOLOGY KANPUR (IITK),283
"RUTGERS - THE STATE UNIVERSITY OF NEW JERSEY, NEW BRUNSWICK",284
HARBIN INSTITUTE OF TECHNOLOGY,285
UNIVERSITY OF TURKU,286
UNIVERSITY OF TASMANIA,287
"SOAS - SCHOOL OF ORIENTAL AND AFRICAN STUDIES, UNIVERSITY OF LONDON",288
UNIVERSITÉ GRENOBLE-ALPES (UGA),289
UNIVERSITY OF OTTAWA,290
TONGJI UNIVERSITY,291
BEIJING NORMAL UNIVERSITY,292
NATIONAL YANG MING UNIVERSITY,293
UNIVERSITY OF INDONESIA,294
INDIAN INSTITUTE OF TECHNOLOGY KHARAGPUR (IITKGP),295
SUN YAT-SEN UNIVERSITY,296
UNIVERSITÉ PARIS DIDEROT - PARIS 7,297
UNIVERSITAT POMPEU FABRA,298
BAUMAN MOSCOW STATE TECHNICAL UNIVERSITY,299
UNIVERSITÉ PARIS 1 PANTHÉON-SORBONNE,301
HERIOT-WATT UNIVERSITY,302
LINKÖPING UNIVERSITY,303
UNIVERSITY OF HAWAII AT MĀNOA,304
ECOLE NORMALE SUPÉRIEURE DE CACHAN,305
"BIRKBECK COLLEGE, UNIVERSITY OF LONDON",306
UNIVERSITÄT KÖLN,307
NATIONAL TAIWAN NORMAL UNIVERSITY,308
DEAKIN UNIVERSITY,309
UNIVERSIDAD POLITECNICA DE VALENCIA,310
YESHIVA UNIVERSITY,311
MOSCOW INSTITUTE OF PHYSICS AND TECHNOLOGY STATE UNIVERSITY,312
UNIVERSITY AT BUFFALO SUNY,313
XI'AN JIAOTONG UNIVERSITY,314
GWANGJU INSTITUTE OF SCIENCE AND TECHNOLOGY (GIST),315
KHALIFA UNIVERSITY,316
CHARLES UNIVERSITY,317
LINCOLN UNIVERSITY,318
EWHA WOMANS UNIVERSITY,319
TILBURG UNIVERSITY,320
HIROSHIMA UNIVERSITY,321
INDIANA UNIVERSITY BLOOMINGTON,323
UNIVERSITY OF BRUNEI DARUSSALAM,324
UNIVERSITÀ DEGLI STUDI DI MILANO,325
NORTHEASTERN UNIVERSITY,326
UNIVERSITÄT JENA,327
UNIVERSITY OF PORTO,328
GRIFFITH UNIVERSITY,329
"NATIONAL RESEARCH NUCLEAR UNIVERSITY ""MEPHI"" (MOSCOW ENGINEERING PHYSICS INSTITUTE)",330
WESTFÄLISCHE WILHELMS-UNIVERSITÄT MÜNSTER,331
BRUNEL UNIVERSITY,332
MASSEY UNIVERSITY,333
QATAR UNIVERSITY,334
UNIVERSITÄT ULM,335
"UNIVERSITY OF CALIFORNIA, SANTA CRUZ (UCSC)",336
UNIVERSITY OF JYVÄSKYLÄ,337
NANKAI UNIVERSITY,338
UMEÅ UNIVERSITY,339
UNIVERSITÄT MANNHEIM,340
UNIVERSITY COLLEGE CORK (UCC),341
VIRGINIA POLYTECHNIC INSTITUTE (VIRGINIA TECH),342
AALBORG UNIVERSITY,343
NATIONAL RESEARCH UNIVERSITY - HIGHER SCHOOL OF ECONOMICS (HSE),344
GEORGE WASHINGTON UNIVERSITY,345
RENSSELAER POLYTECHNIC INSTITUTE,346
UNIVERSITY OF UTAH,347
UNIVERSITÉ DE STRASBOURG,348
STONY BROOK UNIVERSITY,349
UNITED ARAB EMIRATES UNIVERSITY,350
CITY UNIVERSITY LONDON,351
KOBE UNIVERSITY,352
TOKYO MEDICAL AND DENTAL UNIVERSITY,353
BELARUS STATE UNIVERSITY,354
MOSCOW STATE INSTITUTE OF INTERNATIONAL RELATIONS – MGIMO UNIVERSITY,355
UNIVERSITY OF ESSEX,356
UNIVERSITY OF KENT,357
UNIVERSITY OF LISBON,358
BANDUNG INSTITUTE OF TECHNOLOGY (ITB),359
UNIVERSITY OF VICTORIA,360
UNIVERSIDADE FEDERAL DO RIO DE JANEIRO,361
TAIPEI MEDICAL UNIVERSITY,362
OXFORD BROOKES UNIVERSITY,364
TECHNISCHE UNIVERSITÄT GRAZ,365
TAMPERE UNIVERSITY OF TECHNOLOGY,366
UNIVERSIDAD AUSTRAL,367
UNIVERSITY OF KANSAS,368
JAMES COOK UNIVERSITY (JCU),369
PONTIFICIA UNIVERSIDAD CATÓLICA ARGENTINA SANTA MARÍA DE LOS BUENOS AIRES (UCA),370
UNIVERSITY OF TROMSO,371
RUHR-UNIVERSITÄT BOCHUM,372
TOMSK POLYTECHNIC UNIVERSITY,373
UNIVERSITY OF CONNECTICUT,374
UNIVERSITY OF ST GALLEN (HSG),375
AMERICAN UNIVERSITY OF SHARJAH,376
BOSTON COLLEGE,377
UNIVERSITY OF OULU,378
UNIVERSITY OF SOUTHERN DENMARK,379
MAHIDOL UNIVERSITY,380
ASTON UNIVERSITY,381
INDIAN INSTITUTE OF TECHNOLOGY ROORKEE (IITR),382
UNIVERSITY OF THE WITWATERSRAND,383
UNIVERSIDAD DE BELGRANO,384
"UNIVERSITY OF CALIFORNIA, RIVERSIDE (UCR)",385
UNIVERSITY OF THE PHILIPPINES,386
HUFS – HANKUK (KOREA) UNIVERSITY OF FOREIGN STUDIES,387
POLITECNICO DI TORINO,388
SWINBURNE UNIVERSITY OF TECHNOLOGY,389
WAKE FOREST UNIVERSITY,390
UNIVERSITAS GADJAH MADA,391
UNIVERSITY OF LIEGE,392
WASHINGTON STATE UNIVERSITY,393
L.N. GUMILYOV EURASIAN NATIONAL UNIVERSITY,394
UNIVERSITY OF WARSAW,395
"GOLDSMITHS, UNIVERSITY OF LONDON",396
CHUNG-ANG UNIVERSITY,397
LA TROBE UNIVERSITY,398
PAKISTAN INSTITUTE OF ENGINEERING AND APPLIED SCIENCES (PIEAS),399
UNIVERSITÄT KONSTANZ,400
UNIVERSITY OF COLORADO AT DENVER,401
LAVAL UNIVERSITY,402
NATIONAL SUN YAT-SEN UNIVERSITY,403
PETER THE GREAT ST.PETERSBURG POLYTECHNIC UNIVERSITY,404
STELLENBOSCH UNIVERSITY,405
UNIVERSIDADE NOVA DE LISBOA,406
BEN GURION UNIVERSITY OF THE NEGEV,407
JOHANNES GUTENBERG UNIVERSITÄT MAINZ,408
UNIVERSIDAD EXTERNADO DE COLOMBIA,409
UNIVERSITY OF COIMBRA,410
JAGIELLONIAN UNIVERSITY,411
TULANE UNIVERSITY,412
UNIVERSIDAD DE ZARAGOZA,413
URAL FEDERAL UNIVERSITY,414
HUAZHONG UNIVERSITY OF SCIENCE AND TECHNOLOGY,415
NATIONAL CENTRAL UNIVERSITY,416
NATIONAL UNIVERSITY OF SCIENCES AND TECHNOLOGY (NUST) ISLAMABAD,417
UNIVERSITY OF STIRLING,418
UNIVERSITY OF TENNESSEE,419
AMERICAN UNIVERSITY IN CAIRO,420
UNIVERSIDAD DE PALERMO,421
DUBLIN CITY UNIVERSITY (DCU),422
SHANGHAI UNIVERSITY,423
UNIVERSITÀ DI PISA,424
UNIVERSITÉ DE MONTPELLIER,425
ILLINOIS INSTITUTE OF TECHNOLOGY,426
UNIVERSITY OF TEXAS DALLAS,428
BRANDEIS UNIVERSITY,429
CHANG GUNG UNIVERSITY,430
THE UNIVERSITY OF GEORGIA,431
ABERYSTWYTH UNIVERSITY,432
DONGGUK UNIVERSITY,433
BANGOR UNIVERSITY,435
SOGANG UNIVERSITY,436
SWANSEA UNIVERSITY,437
UNIVERSITY OF IOWA,438
KAZAN FEDERAL UNIVERSITY,439
UNIVERSITY OF DELAWARE,440
WAYNE STATE UNIVERSITY,441
UNIVERSITI TEKNOLOGI BRUNEI,442
BOND UNIVERSITY,443
TIANJIN UNIVERSITY,444
UNIVERSITY OF MACAU,445
NATIONAL TECHNICAL UNIVERSITY OF ATHENS,446
RUDN UNIVERSITY,447
KING KHALID UNIVERSITY,448
KOÇ UNIVERSITY,449
COLORADO STATE UNIVERSITY,450
OREGON STATE UNIVERSITY,451
SULTAN QABOOS UNIVERSITY,452
CHRISTIAN-ALBRECHTS-UNIVERSITÄT ZU KIEL,453
UNIVERSITÉ AIX-MARSEILLE,454
"UNIVERSITY OF MARYLAND, BALTIMORE COUNTY",455
BILKENT UNIVERSITY,456
HITOTSUBASHI UNIVERSITY,457
JOHANNES KEPLER UNIVERSITÄT LINZ (JKU),458
THE CATHOLIC UNIVERSITY OF KOREA,459
YOKOHAMA CITY UNIVERSITY,460
CLARK UNIVERSITY,461
UNIVERSITÄT DES SAARLANDES,462
UNIVERSITY OF SASKATCHEWAN,463
AUCKLAND UNIVERSITY OF TECHNOLOGY,464
BEIJING INSTITUTE OF TECHNOLOGY,465
CHIBA UNIVERSITY,466
KAZAKH NATIONAL TECHNICAL UNIVERSITY AFTER K.I.SATPAYEV,468
UNIVERSIDADE FEDERAL DE SÃO PAULO (UNIFESP),469
UNIVERSIDAD POLITÉCNICA DE MADRID,470
UNIVERSITY OF SZEGED,471
FLORIDA STATE UNIVERSITY,472
INDIAN INSTITUTE OF TECHNOLOGY GUWAHATI (IITG),473
UNIVERSITÀ DEGLI STUDI DI NAPOLI FEDERICO II,474
JILIN UNIVERSITY,475
"NATIONAL UNIVERSITY OF SCIENCE AND TECHNOLOGY ""MISIS""",476
XIAMEN UNIVERSITY,477
FLINDERS UNIVERSITY,478
INSTITUT NATIONAL DES SCIENCES APPLIQUÉES DE LYON (INSA),479
M.O.AUEZOV SOUTH KAZAKHSTAN STATE UNIVERSITY,480
KAZAKH NATIONAL PEDAGOGICAL UNIVERSITY ABAI,481
UCSI UNIVERSITY,482
UNIVERSIDAD DE ALCALÁ,483
UNIVERSITY OF EASTERN FINLAND,484
V.N. KARAZIN KHARKIV NATIONAL UNIVERSITY,485
YORK UNIVERSITY,486
UNIVERSITY OF DELHI,487
VILNIUS UNIVERSITY,488
IOWA STATE UNIVERSITY,489
UNIVERSITÉ DE BORDEAUX,490
BEIHANG UNIVERSITY,491
"UNIVERSIDADE ESTADUAL PAULISTA ""JÚLIO DE MESQUITA FILHO""",492
UNIVERSITÀ CATTOLICA DEL SACRO CUORE,493
UNIVERSITY OF NEW MEXICO,494
UNIVERSIDAD DE GRANADA,495
UNIVERSITÄT HOHENHEIM,496
UNIVERSITY OF OKLAHOMA,497
WESTERN SYDNEY UNIVERSITY,499
SINGAPORE MANAGEMENT UNIVERSITY,500
TECHNISCHE UNIVERSITÄT BRAUNSCHWEIG,501
UNIVERSITÉ SAINT-JOSEPH DE BEYROUTH,502
UNIVERSITY OF SCIENCE AND TECHNOLOGY BEIJING,503
DREXEL UNIVERSITY,504
EAST CHINA NORMAL UNIVERSITY,505
HOWARD UNIVERSITY,506
LEHIGH UNIVERSITY,507
علوم پزشکی مشهد | Mashhad University of Medical Sciences,508
NATIONAL RESEARCH SARATOV STATE UNIVERSITY,509
PUSAN NATIONAL UNIVERSITY,510
SABANCI UNIVERSITY,511
UNIVERSIDAD DE COSTA RICA,512
UNIVERSITY OF ULSAN,514
ITMO UNIVERSITY,515
KUMAMOTO UNIVERSITY,516
OKAYAMA UNIVERSITY,517
SOUTHEAST UNIVERSITY,518
UNIVERSIDAD DE LA HABANA,519
UNIVERSIDAD DE SANTIAGO DE CHILE (USACH),520
UNIVERSITÁ DEGLI STUDI DI ROMA - TOR VERGATA,521
UNIVERSITÄT BREMEN,522
UNIVERSITY OF LIMERICK (UL),523
CAIRO UNIVERSITY,524
JULIUS-MAXIMILIANS-UNIVERSITÄT WÜRZBURG,525
LAPPEENRANTA UNIVERSITY OF TECHNOLOGY,526
NAGASAKI UNIVERSITY,527
PONTIFICIA UNIVERSIDAD JAVERIANA,528
RENMIN (PEOPLE’S) UNIVERSITY OF CHINA,529
UNIVERSITÉ PAUL SABATIER TOULOUSE III,530
UNIVERSITI TEKNOLOGI PETRONAS (PETRONAS),531
UNIVERSITY OF SOUTH FLORIDA,532
ABO AKADEMI UNIVERSITY,533
CZECH TECHNICAL UNIVERSITY IN PRAGUE,534
EAST CHINA UNIVERSITY OF SCIENCE AND TECHNOLOGY,535
NEW SCHOOL UNIVERSITY,536
PONTIFICIA UNIVERSIDADE CATÓLICA DE SÃO PAULO (PUC-SP),538
SOUTHERN FEDERAL UNIVERSITY,539
TARAS SHEVCHENKO NATIONAL UNIVERSITY OF KYIV,540
UNIVERSIDAD DE MONTEVIDEO,541
UNIVERSITÉ PANTHÉON-ASSAS (PARIS 2),542
UNIVERSITY OF AVEIRO,543
UNIVERSITY OF VERMONT,544
AMERICAN UNIVERSITY,545
FAR EASTERN FEDERAL UNIVERSITY,546
OSAKA CITY UNIVERSITY,547
SHANDONG UNIVERSITY,548
علوم پزشکی تهران | Tehran University of Medical Sciences,549
SOUTH CHINA UNIVERSITY OF TECHNOLOGY,550
UMM AL-QURA UNIVERSITY (UQU),551
UNIVERSITAT RAMON LLULL,552
UNIVERSITÉ DU QUÉBEC,553
UNIVERSITY OF CINCINNATI,554
INHA UNIVERSITY,555
JUSTUS-LIEBIG-UNIVERSITÄT GIEßEN,556
MIDDLE EAST TECHNICAL UNIVERSITY,558
PONTIFICIA UNIVERSIDAD CATÓLICA DEL PERÚ,559
QUAID-I-AZAM UNIVERSITY,560
SYRACUSE UNIVERSITY,561
UNIVERSITY OF JOHANNESBURG,562
UNIVERSITY OF KENTUCKY,563
UNIVERSITY OF NEBRASKA,564
AMERICAN UNIVERSITY IN DUBAI,565
ARISTOTLE UNIVERSITY OF THESSALONIKI,566
INDIANA UNIVERSITY-PURDUE UNIVERSITY INDIANAPOLIS,567
KANAZAWA UNIVERSITY,568
KARL-FRANZENS-UNIVERSITÄT GRAZ,569
MARTIN-LUTHER-UNIVERSITÄT HALLE-WITTENBERG,570
NATIONAL TAIPEI UNIVERSITY OF TECHNOLOGY,571
UNIVERSITAT DE VALÈNCIA,572
UNIVERSITY OF PRETORIA,573
UNIVERSITY OF SOUTH CAROLINA AT COLUMBIA,574
BOĞAZIÇI ÜNIVERSITESI,575
CHONBUK NATIONAL UNIVERSITY,576
COVENTRY UNIVERSITY,577
DALIAN UNIVERSITY OF TECHNOLOGY,578
MASARYK UNIVERSITY,579
SARAJEVO SCHOOL OF SCIENCE AND TECHNOLOGY,580
TOKYO UNIVERSITY OF AGRICULTURE AND TECHNOLOGY,581
UNIVERSITÀ DEGLI STUDI DI TORINO (UNITO),582
UNIVERSITÄT REGENSBURG,583
UNIVERSITÉ PARIS DESCARTES,584
COLLEGE OF WILLIAM & MARY,585
IMAM ABDULRAHMAN BIN FAISAL UNIVERSITY (IAU) (FORMERLY UNIVERSITY OF DAMMAM),586
INSTITUTO TECNOLÓGICO DE BUENOS AIRES (ITBA),587
KONKUK UNIVERSITY,588
UNIVERSIDAD ANAHUAC,589
UNIVERSIDADE DE SANTIAGO DE COMPOSTELA,590
UNIVERSITÀ DEGLI STUDI DI PAVIA (UNIPV),591
UNIVERSITÄT LEIPZIG,592
UNIVERSITY OF GUELPH,593
"UNIVERSITY OF MASSACHUSETTS, BOSTON",594
UNIVERSITY OF OREGON,595
VILNIUS GEDIMINAS TECHNICAL UNIVERSITY,596
HALLYM UNIVERSITY,597
"KINGSTON UNIVERSITY, LONDON",598
MICHIGAN TECHNOLOGICAL UNIVERSITY,599
MURDOCH UNIVERSITY,600
UNIVERSIDAD DE SALAMANCA,601
UNIVERSIDAD DE SAN ANDRÉS,602
UNIVERSITY OF BALAMAND,603
UNIVERSITY OF BRADFORD,604
UNIVERSITY OF HULL,605
UNIVERSITY OF HYDERABAD,606
"UNIVERSITY OF MISSOURI, COLUMBIA",607
UNIVERSITY OF MONS,608
ALTAI STATE UNIVERSITY,609
BAR-ILAN UNIVERSITY,610
CENTRAL QUEENSLAND UNIVERSITY,611
CITY UNIVERSITY OF NEW YORK,612
CLARKSON UNIVERSITY,613
JADAVPUR UNIVERSITY,615
KAGOSHIMA UNIVERSITY,616
KEELE UNIVERSITY,617
LANZHOU UNIVERSITY,618
LEBANESE AMERICAN UNIVERSITY,619
LINGNAN UNIVERSITY (HONG KONG),620
LOBACHEVSKY STATE UNIVERSITY OF NIZHNI NOVGOROD,621
NATIONAL CHENGCHI UNIVERSITY,622
"NATIONAL TECHNICAL UNIVERSITY OF UKRAINE ""KYIV POLYTECHNIC INSTITUTE""",623
OSAKA PREFECTURE UNIVERSITY,624
PHILIPPS-UNIVERSITÄT MARBURG,625
PONTIFÍCIA UNIVERSIDADE CATÓLICA DO RIO DE JANEIRO - PUC - RIO,626
"RUTGERS - THE STATE UNIVERSITY OF NEW JERSEY, NEWARK",627
SICHUAN UNIVERSITY,628
SMITH COLLEGE,629
TALLINN UNIVERSITY OF TECHNOLOGY,630
TAYLOR'S UNIVERSITY,631
THAMMASAT UNIVERSITY,632
UNIVERSIDAD DE SEVILLA,633
UNIVERSIDAD DEL PAIS VASCO,634
UNIVERSIDAD NACIONAL DE LA PLATA,635
UNIVERSIDADE FEDERAL DE MINAS GERAIS,636
UNIVERSIDADE FEDERAL DO RIO GRANDE DO SUL,637
UNIVERSITÄT BAYREUTH,638
UNIVERSITÄT DUISBURG-ESSEN,639
UNIVERSITÄT POTSDAM,640
UNIVERSITÉ CLAUDE BERNARD LYON 1,641
UNIVERSITÉ DE FRIBOURG,642
UNIVERSITY OF CANBERRA,644
UNIVERSITY OF DEBRECEN,645
UNIVERSITY OF JORDAN,646
UNIVERSITY OF MANITOBA,647
UNIVERSITY OF MILANO-BICOCCA,648
UNIVERSITY OF PLYMOUTH,649
UNIVERSITY OF PORTSMOUTH,650
UNIVERSITY OF TAMPERE,651
UNIVERSITY OF ULSTER,652
UNIVERSITY OF WESTMINSTER,653
VIRGINIA COMMONWEALTH UNIVERSITY,654
WARSAW UNIVERSITY OF TECHNOLOGY,655
WORCESTER POLYTECHNIC INSTITUTE,656
AJOU UNIVERSITY,657
ATENEO DE MANILA UNIVERSITY,658
BRNO UNIVERSITY OF TECHNOLOGY,659
CHARLES DARWIN UNIVERSITY,661
CHIANG MAI UNIVERSITY,662
CHINA AGRICULTURAL UNIVERSITY,663
CHONNAM NATIONAL UNIVERSITY,664
E.A.BUKETOV KARAGANDA STATE UNIVERSITY,665
GIFU UNIVERSITY,666
HOLY SPIRIT UNIVERSITY OF KASLIK,667
INSTITUTO POLITÉCNICO NACIONAL (IPN),668
INSTITUTO TECNOLÓGICO AUTONOMO DE MÉXICO (ITAM),669
دانشگاه صنعتی شیراز | Shiraz University of Technology,670
INTERNATIONAL ISLAMIC UNIVERSITY MALAYSIA (IIUM),671
JORDAN UNIVERSITY OF SCIENCE AND TECHNOLOGY,673
KAZAKH NATIONAL AGRARIAN UNIVERSITY,674
KAZAKH-BRITISH TECHNICAL UNIVERSITY,675
KYUNGPOOK NATIONAL UNIVERSITY,676
LOUISIANA STATE UNIVERSITY,677
MEMORIAL UNIVERSITY OF NEWFOUNDLAND,678
NATIONAL AND KAPODISTRIAN UNIVERSITY OF ATHENS,679
NATIONAL CHUNG HSING UNIVERSITY,680
NIIGATA UNIVERSITY,681
PADJADJARAN UNIVERSITY,682
PALACKÝ UNIVERSITY IN OLOMOUC,683
SEJONG UNIVERSITY,685
SOUTHERN METHODIST UNIVERSITY,686
STEVENS INSTITUTE OF TECHNOLOGY,687
TEMPLE UNIVERSITY,688
TOKYO METROPOLITAN UNIVERSITY,689
UNIVERSIDAD DE CONCEPCIÓN,690
UNIVERSIDAD TORCUATO DI TELLA,691
UNIVERSITÉ DE LILLE,692
UNIVERSITÉ DE SHERBROOKE,693
UNIVERSITÉ NICE SOPHIA-ANTIPOLIS,694
UNIVERSITY AT ALBANY SUNY,695
UNIVERSITY OF BAGHDAD,696
UNIVERSITY OF CRETE,697
علوم پزشکی ایران | Iran University of Medical Sciences,698
UNIVERSITY OF DENVER,699
UNIVERSITY OF HAIFA,700
UNIVERSITY OF HOUSTON,701
UNIVERSITY OF LJUBLJANA,702
UNIVERSITY OF MINHO,703
UNIVERSITY OF SEOUL,704
UNIVERSITY OF SHARJAH,705
UNIVERSITY OF WINDSOR,706
UNIVERSITY OF WYOMING,707
VICTORIA UNIVERSITY,708
ABU DHABI UNIVERSITY,709
AIN SHAMS UNIVERSITY,710
ALPEN-ADRIA-UNIVERSITÄT KLAGENFURT,711
BOGOR AGRICULTURAL UNIVERSITY,712
BOURNEMOUTH UNIVERSITY,713
CHUNGNAM NATIONAL UNIVERSITY,714
CLEMSON UNIVERSITY,715
DANKOOK UNIVERSITY,716
EOTVOS LORAND UNIVERSITY,717
GEORGIA STATE UNIVERSITY,718
GUNMA UNIVERSITY,719
HUNAN UNIVERSITY,720
LAHORE UNIVERSITY OF MANAGEMENT SCIENCES (LUMS),721
MAYNOOTH UNIVERSITY,722
MISSOURI UNIVERSITY OF SCIENCE AND TECHNOLOGY,723
"NATIONAL TECHNICAL UNIVERSITY ""KHARKIV POLYTECHNIC INSTITUTE""",724
NORTHUMBRIA UNIVERSITY AT NEWCASTLE,725
SAMARA NATIONAL RESEARCH UNIVERSITY (SAMARA UNIVERSITY),726
SHANGHAI INTERNATIONAL STUDIES UNIVERSITY,727
TECHNISCHE UNIVERSITÄT DORTMUND,728
TEXAS TECH UNIVERSITY,729
UNIVERSIDAD ADOLFO IBÁÑEZ,730
UNIVERSIDAD DE ANTIOQUIA,731
UNIVERSIDAD DE SAN FRANCISCO DE QUITO,732
UNIVERSIDAD IBEROAMERICANA (UIA),733
UNIVERSIDADE FEDERAL DE SÃO CARLOS,734
UNIVERSITÀ DEGLI STUDI DI FERRARA,735
UNIVERSITÀ DEGLI STUDI DI GENOVA,736
UNIVERSITÀ DEGLI STUDI DI SIENA (UNISI),737
UNIVERSITÀ DEGLI STUDI DI TRIESTE (UNITS),738
UNIVERSITÄT BIELEFELD,739
UNIVERSITÄT DÜSSELDORF,741
UNIVERSITÄT ROSTOCK,742
UNIVERSITÉ DE RENNES 1,743
UNIVERSITI TENAGA NASIONAL (UNITEN),744
UNIVERSITY OF ALABAMA,745
UNIVERSITY OF BRESCIA,746
UNIVERSITY OF EAST LONDON,747
UNIVERSITY OF GREENWICH,748
UNIVERSITY OF HUDDERSFIELD,749
UNIVERSITY OF KUFA,750
UNIVERSITY OF PATRAS,751
UNIVERSITY OF PÉCS,752
UNIVERSITY OF TULSA,754
VIETNAM NATIONAL UNIVERSITY - HO CHI MINH CITY (VNU-HCM),755
YAMAGUCHI UNIVERSITY,756
YOKOHAMA NATIONAL UNIVERSITY,757
ZAYED UNIVERSITY,758
AIRLANGGA UNIVERSITY,759
ANNA UNIVERSITY,760
BEIJING FOREIGN STUDIES UNIVERSITY,761
BEIJING JIAOTONG UNIVERSITY,762
BEIJING UNIVERSITY OF TECHNOLOGY,763
COMENIUS UNIVERSITY IN BRATISLAVA,764
COMSATS INSTITUTE OF INFORMATION TECHNOLOGY,765
DUBLIN INSTITUTE OF TECHNOLOGY (DIT),766
EDITH COWAN UNIVERSITY (ECU),767
GERMAN JORDANIAN UNIVERSITY,768
"JAMIA MILLIA ISLAMIA, NEW DELHI",769
KANSAS STATE UNIVERSITY,770
KARAGANDA STATE TECHNICAL UNIVERSITY,771
KAUNAS UNIVERSITY OF TECHNOLOGY,772
دانشگاه تبریز | University of Tabriz,773
KENT STATE UNIVERSITY,774
LONDON METROPOLITAN UNIVERSITY,775
LONDON SOUTH BANK UNIVERSITY,776
MANIPAL UNIVERSITY,777
MIDDLESEX UNIVERSITY,778
NAGOYA INSTITUTE OF TECHNOLOGY (NIT),779
NATIONAL UNIVERSITY LVIV POLYTECHNIC,780
NEW JERSEY INSTITUTE OF TECHNOLOGY (NJIT),781
OKLAHOMA STATE UNIVERSITY,782
PARIS LODRON UNIVERSITÄT SALZBURG,783
PONTIFICIA UNIVERSIDAD CATÓLICA DE VALPARAÍSO,784
RIGA TECHNICAL UNIVERSITY,785
SLOVAK UNIVERSITY OF TECHNOLOGY IN BRATISLAVA,786
SOPHIA UNIVERSITY,787
SUMY STATE UNIVERSITY,788
TOKYO UNIVERSITY OF SCIENCE,789
UNIVERSIDAD AUTÓNOMA METROPOLITANA (UAM),790
UNIVERSIDAD CENTRAL DE VENEZUELA (UCV),791
UNIVERSIDAD DE GUADALAJARA (UDG),792
UNIVERSIDAD DE LAS AMÉRICAS PUEBLA (UDLAP),793
UNIVERSIDAD NACIONAL COSTA RICA,794
UNIVERSIDAD PANAMERICANA (UP),795
"UNIVERSIDADE CATÓLICA PORTUGUESA, LISBOA",796
UNIVERSIDADE DE BRASÍLIA,797
UNIVERSIDADE FEDERAL DE SANTA CATARINA,798
UNIVERSITÀ CA' FOSCARI VENEZIA,799
UNIVERSITÀ DEGLI STUDI DI PERUGIA,800
UNIVERSITI TEKNOLOGI MARA (UITM),801
UNIVERSITY OF BRIGHTON,802
UNIVERSITY OF CENTRAL FLORIDA,803
UNIVERSITY OF ELECTRONIC SCIENCE AND TECHNOLOGY OF CHINA,804
UNIVERSITY OF HERTFORDSHIRE,805
UNIVERSITY OF KWAZULU-NATAL,806
UNIVERSITY OF NEW HAMPSHIRE,807
UNIVERSITY OF SALFORD,808
UNIVERSITY OF SOUTHERN QUEENSLAND,809
ADAM MICKIEWICZ UNIVERSITY,810
AGH UNIVERSITY OF SCIENCE AND TECHNOLOGY,811
AJMAN UNIVERSITY,812
AL AKHAWAYN UNIVERSITY IFRANE,813
علوم پزشکی اصفهان | Isfahan University of Medical Sciences,814
AL AZHAR UNIVERSITY,815
ALEXANDRIA UNIVERSITY,816
ALEXANDRU IOAN CUZA UNIVERSITY,817
"ALIGARH MUSLIM UNIVERSITY (AMU), ALIGARH",818
AL-IMAM MOHAMED IBN SAUD ISLAMIC UNIVERSITY,819
AMITY UNIVERSITY,820
AMRITA UNIVERSITY,821
ANKARA ÜNIVERSITESI,822
AOYAMA GAKUIN UNIVERSITY,823
ASSIUT UNIVERSITY,824
ATHENS UNIVERSITY OF ECONOMICS AND BUSINESS,825
AUBURN UNIVERSITY,826
AUSTRALIAN CATHOLIC UNIVERSITY,827
BABES-BOLYAI UNIVERSITY,828
BAKU STATE UNIVERSITY,829
BANARAS HINDU UNIVERSITY,830
BANGLADESH UNIVERSITY OF ENGINEERING AND TECHNOLOGY,831
BAYLOR UNIVERSITY,833
BELARUSIAN NATIONAL TECHNICAL UNIVERSITY,834
BENEMÉRITA UNIVERSIDAD AUTÓNOMA DE PUEBLA,835
BINGHAMTON UNIVERSITY SUNY,836
BIRLA INSTITUTE OF TECHNOLOGY AND SCIENCE,837
BIRZEIT UNIVERSITY,838
BRIGHAM YOUNG UNIVERSITY,839
BUDAPEST UNIVERSITY OF TECHNOLOGY AND ECONOMICS,840
CENTRAL SOUTH UNIVERSITY,841
CHARLES STURT UNIVERSITY,842
CHONGQING UNIVERSITY,843
CORVINUS UNIVERSITY OF BUDAPEST,844
CRACOW UNIVERSITY OF TECHNOLOGY,845
DE LA SALLE UNIVERSITY,846
DIPONEGORO UNIVERSITY,847
DOSHISHA UNIVERSITY,848
EDINBURGH NAPIER UNIVERSITY,849
ESCUELA SUPERIOR POLITÉCNICA DEL LITORAL - ESPOL,850
FENG CHIA UNIVERSITY,851
FLORIDA INTERNATIONAL UNIVERSITY,852
FORDHAM UNIVERSITY,853
FU JEN CATHOLIC UNIVERSITY,854
GAZI ÜNIVERSITESI,855
GEORGE MASON UNIVERSITY,856
HACETTEPE UNIVERSITY,857
ISTANBUL UNIVERSITY,858
KASETSART UNIVERSITY,859
KAZAKH ABLAI KHAN UNIVERSITY OF INTERNATIONAL RELATIONS AND WORLD LANGUAGES,860
KHON KAEN UNIVERSITY,861
KING FAISAL UNIVERSITY,862
KING MONGKUT'S UNIVERSITY OF TECHNOLOGY THONBURI,863
KUWAIT UNIVERSITY,864
KYOTO INSTITUTE OF TECHNOLOGY,865
KYUSHU INSTITUTE OF TECHNOLOGY,866
LODZ UNIVERSITY OF TECHNOLOGY,867
LOYOLA UNIVERSITY CHICAGO,868
MANCHESTER METROPOLITAN UNIVERSITY,869
MARQUETTE UNIVERSITY,870
MEIJI UNIVERSITY,871
MIAMI UNIVERSITY,872
MULTIMEDIA UNIVERSITY (MMU),873
MUSTANSIRIYAH UNIVERSITY,874
NATIONAL CHUNG CHENG UNIVERSITY,875
NICOLAUS COPERNICUS UNIVERSITY,876
NORTH-WEST UNIVERSITY,877
NOTRE DAME UNIVERSITY - LOUAIZE (NDU),878
NOTTINGHAM TRENT UNIVERSITY,879
NOVOSIBIRSK STATE TECHNICAL UNIVERSITY,880
OCHANOMIZU UNIVERSITY,881
OHIO UNIVERSITY,882
PLEKHANOV RUSSIAN UNIVERSITY OF ECONOMICS,883
PONTIFICIA UNIVERSIDAD CATÓLICA DEL ECUADOR,884
PONTIFÍCIA UNIVERSIDADE CATÓLICA DO RIO GRANDE DO SUL,885
POZNAN UNIVERSITY OF TECHNOLOGY,886
PRINCE OF SONGKLA UNIVERSITY,887
RHODES UNIVERSITY,888
RIGA STRADINS UNIVERSITY,889
RITSUMEIKAN UNIVERSITY,890
RYERSON UNIVERSITY,891
SAITAMA UNIVERSITY,892
SAN DIEGO STATE UNIVERSITY,893
SAVITRIBAI PHULE PUNE UNIVERSITY,894
SEOUL NATIONAL UNIVERSITY OF SCIENCE AND TECHNOLOGY,895
SEPULUH NOPEMBER INSTITUTE OF TECHNOLOGY,896
علوم پزشکی شهید بهشتی | Shahid Beheshti University of Medical Sciences,897
SHINSHU UNIVERSITY,898
SIBERIAN FEDERAL UNIVERSITY,900
"SOFIA UNIVERSITY ""ST. KLIMENT OHRIDSKI""",901
SOUTH URAL STATE UNIVERSITY,902
SOUTHERN CROSS UNIVERSITY,903
TALLINN UNIVERSITY,904
TECHNICAL UNIVERSITY OF KOSICE,905
دانشگاه مازندران | University of Mazandaran,906
TECNOLÓGICO DE COSTA RICA -TEC,907
THAPAR UNIVERSITY,908
THE ROBERT GORDON UNIVERSITY,909
TOKAI UNIVERSITY,910
UNIVERSIDAD AUSTRAL DE CHILE,911
UNIVERSIDAD AUTÓNOMA DE NUEVO LEÓN (UANL),912
UNIVERSIDAD AUTÓNOMA DEL ESTADO DE MÉXICO,913
UNIVERSIDAD CATÓLICA ANDRÉS BELLO - UCAB,914
UNIVERSIDAD DE CASTILLA-LA MANCHA,915
UNIVERSIDAD DE LA REPÚBLICA (UDELAR),916
UNIVERSIDAD DE LA SABANA,917
UNIVERSIDAD DE LOS ANDES MÉRIDA,918
UNIVERSIDAD DE MONTERREY,919
UNIVERSIDAD DE MURCIA,920
UNIVERSIDAD DE OVIEDO,922
UNIVERSIDAD DE PUERTO RICO,923
UNIVERSIDAD DE TALCA,924
UNIVERSIDAD DE VALPARAÍSO,925
UNIVERSIDAD DEL NORTE,926
UNIVERSIDAD DEL ROSARIO,927
UNIVERSIDAD DEL VALLE,928
UNIVERSIDAD DIEGO PORTALES,929
UNIVERSIDAD EAFIT,930
UNIVERSIDAD INDUSTRIAL DE SANTANDER,931
UNIVERSIDAD LATINOAMERICANA DE CIENCIA Y TECNOLOGÍA COSTA RICA (ULACIT),932
UNIVERSIDAD METROPOLITANA,933
UNIVERSIDAD NACIONAL DE CÓRDOBA,934
UNIVERSIDAD NACIONAL DE CUYO,935
UNIVERSIDAD NACIONAL DE MAR DEL PLATA,936
UNIVERSIDAD NACIONAL DE ROSARIO,937
UNIVERSIDAD NACIONAL DEL LITORAL,938
UNIVERSIDAD NACIONAL MAYOR DE SAN MARCOS,939
UNIVERSIDAD PERUANA CAYETANO HEREDIA,940
UNIVERSIDAD REY JUAN CARLOS,941
UNIVERSIDAD SIMÓN BOLÍVAR VENEZUELA,942
UNIVERSIDAD TÉCNICA FEDERICO SANTA MARÍA,943
UNIVERSIDAD TECNOLÓGICA DE PANAMÁ (UTP),944
UNIVERSIDAD TECNOLÓGICA NACIONAL (UTN),945
UNIVERSIDADE DA CORUÑA,946
UNIVERSIDADE DE VIGO,947
UNIVERSIDADE DO ESTADO DO RIO DE JANEIRO (UERJ),948
UNIVERSIDADE ESTADUAL DE LONDRINA,949
UNIVERSIDADE FEDERAL DA BAHIA,950
UNIVERSIDADE FEDERAL DE SANTA MARIA,951
دانشگاه یاسوج | Yasouj University,952
UNIVERSIDADE FEDERAL DE VIÇOSA,953
UNIVERSIDADE FEDERAL DO CEARÁ (UFC),954
UNIVERSIDADE FEDERAL DO PARANÁ (UFPR),955
UNIVERSIDADE FEDERAL DO PERNAMBUCO,956
UNIVERSIDADE FEDERAL FLUMINENSE,957
UNIVERSITÀ DEGLI STUDI DI CATANIA (UNICT),958
UNIVERSITÀ DEGLI STUDI ROMA TRE,960
UNIVERSITÀ DEGLI STUDI DI PALERMO,961
UNIVERSITÉ DE CAEN BASSE-NORMANDIE,962
UNIVERSITÉ DE CERGY-PONTOISE,963
UNIVERSITÉ DE LORRAINE,964
UNIVERSITÉ DE NANTES,965
دانشگاه کاشان | University of Kashan,966
UNIVERSITÉ DE POITIERS,967
UNIVERSITÉ JEAN MOULIN LYON 3,968
UNIVERSITÉ LUMIÈRE LYON 2,969
UNIVERSITÉ PARIS OUEST NANTERRE LA DÉFENSE,970
UNIVERSITÉ PAUL-VALÉRY MONTPELLIER 3,971
UNIVERSITÉ TOULOUSE 1,972
UNIVERSITY OF ARKANSAS,973
UNIVERSITY OF BABYLON,974
UNIVERSITY OF BAHRAIN,975
UNIVERSITY OF BARI,976
UNIVERSITY OF BELGRADE,978
UNIVERSITY OF BRAWIJAYA,979
UNIVERSITY OF BUCHAREST,980
UNIVERSITY OF CALCUTTA,981
UNIVERSITY OF CENTRAL LANCASHIRE,982
UNIVERSITY OF COLOMBO,983
دانشگاه کردستان | University of Kurdistan,984
UNIVERSITY OF DHAKA,985
UNIVERSITY OF ENGINEERING & TECHNOLOGY (UET) LAHORE,986
UNIVERSITY OF GDANSK,987
UNIVERSITY OF LATVIA,988
UNIVERSITY OF LODZ,989
UNIVERSITY OF MARIBOR,990
UNIVERSITY OF MISSISSIPPI,991
UNIVERSITY OF MONTANA MISSOULA,992
UNIVERSITY OF MUMBAI,993
UNIVERSITY OF NAIROBI,994
UNIVERSITY OF NEW ENGLAND,995
UNIVERSITY OF SAN DIEGO,996
UNIVERSITY OF SAN FRANCISCO,997
UNIVERSITY OF SANTO TOMAS,998
UNIVERSITY OF SILESIA,999
UNIVERSITY OF THE PACIFIC,1000
UNIVERSITY OF THE PUNJAB,1001
UNIVERSITY OF THE SUNSHINE COAST,1002
UNIVERSITY OF THE WESTERN CAPE,1003
UNIVERSITY OF WROCLAW,1004
UNIVERSITY OF ZAGREB,1005
UNIVERSITY POLITEHNICA OF BUCHAREST,1006
UNIVERSITY TOULOUSE – JEAN JAURÈS,1007
UTAH STATE UNIVERSITY,1008
VELLORE INSTITUTE OF TECHNOLOGY (VIT),1009
VERONA UNIVERSITY,1010
VIETNAM NATIONAL UNIVERSITY,1011
VORONEZH STATE UNIVERSITY,1012
VYTAUTAS MAGNUS UNIVERSITY,1013
WEST UNIVERSITY OF TIMISOARA,1014
WROCLAW UNIVERSITY OF TECHNOLOGY,1015
YEUNGNAM UNIVERSITY,1016
شهید مدنی آذربایجان |‌ Azarbaijan Shahid Madani University,1100
دانشگاه بیرجند | University of Birjand,1100
بوعلی سینا | Bu-Ali Sina University,1100
دانشگاه گیلان | University of Guilan,1100
تربیت معلم خوارزمی  | Kharazmi University,1100
دانشگاه شاهد | Shahed University,1100
شهید باهنر | Shahid Bahonar University of Kerman,1100
صنعتی شاهرود | Shahrekord University,1100
شهید چمران اهواز | ​Shahid Chamran University of Ahvaz,1100
دانشگاه زنجان |‌ University of Zanjan,1100
علوم پزشکی شیراز | Shiraz University of Medical Sciences,1100
دانشگاه ارومیه | Urmia University,1100
پژوهشگاه مواد و انرژی صنعتی شریف,2000
دانشگاه علامه طبابایی,2000
صنعتی مالک اشتر,2000
آزاد اسلامی علوم تحقیقات,2000
آزاد اسلامی تهران شمال,2000
آزاد اسلامی تهران مرکز,2000
آزاد اسلامی تهران جنوب,2000
آزاد اسلامی تهران جنوب,2000
علوم زیستی و توانبخشی تهران,2000
علوم پزشکی بقیةالله,2000
پژوهشگاه پلیمر و پتروشیمی ایران,2000
آزاد اسلامی کرج,2000
آزاد اسلامی خوراسگان,2000
آزاد اسلامی نجف آباد,2000
علوم پزشکی کاشان,2000
آزاد اسلامی شیراز,2000
آزاد اسلامی مشهد,2000
علوم پزشکی بیرجند,2000
تربیت معلم سبزوار,2000
علوم پزشکی اردبیل,2000
دانشگاه محقق اردبیلی,2000
صنعتی سهند,2000
آزاد اسلامی تبریز,2000
علوم پزشکی تبریز,2000
علوم پزشکی ارومیه,2000
دانشگاه بابلسر,2000
علوم پزشکی بابل,2000
علوم پزشکی جندی شاپور اهواز,2000
صنعت نفت آبادان,2000
آزاد اسلامی یزد,2000
علوم پزشکی شهید صدوقی,2000
دانشگاه اراک,2000
علوم پزشکی اراک,2000
آزاد اسلامی اراک,2000
آزاد اسلامی قزوین,2000
علوم پزشکی قزوین,2000
علوم پزشکی کرمان,2000
دانشگاه ولیعصر رفسنجان,2000
علوم پزشکی گیلان رشت,2000
آزاد اسلامی رشت,2000
تحصیلات تکمیلی علوم پایه,2000
علوم پزشکی زنجان,2000
آزاد اسلامی کرمانشاه,2000
علوم پزشکی کرمانشاه,2000
دانشگاه رازی,2000
علوم پزشکی همدان,2000
دانشگاه سیستان و بلوچستان,2000
علوم پزشکی زاهدان,2000
دانشگاه ایلام,2000
علوم پزشکی ایلام,2000
دانشگاه شهرکرد,2000
علوم پزشکی شهرکرد,2000
دانشگاه لرستان,2000
علوم پزشکی لرستان,2000
علوم پزشکی بوشهر,2000
دانشگاه خلیج فارس,2000
دانشگاه گلستان,2000
علوم پزشکی کردستان سنندج,2000
علوم پزشکی هرمزگان بندرعباس,2000
دانشگاه های تایید نشده,2000
سایر موسسه های تایید شده,2000
سایر دانشگاه های دولتی,2000
سایر دانشگاه های آزاد,2000
دانشگاه پیام نور,2000